Workbook

Sheet Holdings
A1: Period | C1: Non-residents | D1: Banks | E1: Insurers | F1: Local pension funds | G1: Other financial institutions | H1: Other
A2: 2006: | C2: 0.0859 | D2: 0.1398853 | E2: 0.10038666 | F2: 0.44793512 | G2: 0.21052332 | H2: 0.015349075
A3: 2007: | C3: 0.1042 | D3: 0.16281961 | E3: 0.13024001 | F3: 0.46416801 | G3: 0.11960529 | H3: 0.018993808
A4: 2008: | C4: 0.12837598 | D4: 0.18001583 | E4: 0.13663033 | F4: 0.43894899 | G4: 0.10222481 | H4: 0.013804053
A5: 2009: | C5: 0.1377 | D5: 0.18269688 | E5: 0.12427388 | F5: 0.39932637 | G5: 0.13207275 | H5: 0.02392689
A6: 2010: | C6: 0.21768879 | D6: 0.1771325 | E6: 0.1414503 | F6: 0.36454108 | G6: 0.08111558 | H6: 0.018071749
A7: 2011: | B7: January | C7: 0.22584501 | D7: 0.17052056 | E7: 0.14102996 | F7: 0.36940927 | G7: 0.07141512 | H7: 0.02178009
B8: March | C8: 0.22820052 | D8: 0.16342779 | E8: 0.13390941 | F8: 0.37984411 | G8: 0.061368209 | H8: 0.033249951
B9: May | C9: 0.26120833 | D9: 0.16540425 | E9: 0.12712703 | F9: 0.35804421 | G9: 0.060345767 | H9: 0.027870423
B10: June | C10: 0.26903586 | D10: 0.16649035 | E10: 0.12353169 | F10: 0.35310629 | G10: 0.060924952 | H10: 0.026910855
B11: July | C11: 0.2750472 | D11: 0.16895604 | E11: 0.12511784 | F11: 0.34519957 | G11: 0.059455437 | H11: 0.026223899
B12: August | C12: 0.29091739 | D12: 0.16600833 | E12: 0.11883232 | F12: 0.33393496 | G12: 0.064518522 | H12: 0.025788477
B13: September | C13: 0.28334261 | D13: 0.16746176 | E13: 0.11619403 | F13: 0.33766462 | G13: 0.073745856 | H13: 0.021591131
B14: October | C14: 0.2883532 | D14: 0.16513262 | E14: 0.11510528 | F14: 0.33688693 | G14: 0.073056578 | H14: 0.021465397
B15: November | C15: 0.28752425 | D15: 0.16126966 | E15: 0.11635385 | F15: 0.33617037 | G15: 0.07625016 | H15: 0.022431707
B16: December | C16: 0.28608451 | D16: 0.16924442 | E16: 0.11579287 | F16: 0.33325085 | G16: 0.074773662 | H16: 0.020853692
A17: 2012: | B17: January | C17: 0.29064915 | D17: 0.16274993 | E17: 0.11644014 | F17: 0.32946074 | G17: 0.079670151 | H17: 0.021029891
B18: February | C18: 0.2956 | D18: 0.1713 | E18: 0.111 | F18: 0.3239 | G18: 0.0759 | H18: 0.0222
B19: March | C19: 0.2924 | D19: 0.1702 | E19: 0.1154 | F19: 0.3243 | G19: 0.0757 | H19: 0.022
B20: April | C20: 0.3104 | D20: 0.1669 | E20: 0.1108 | F20: 0.3204 | G20: 0.0688 | H20: 0.0226
B21: May | C21: 0.315 | D21: 0.1723 | E21: 0.1085 | F21: 0.315 | G21: 0.0676 | H21: 0.0217
B22: June | C22: 0.3199 | D22: 0.1775 | E22: 0.1108 | F22: 0.3094 | G22: 0.0607 | H22: 0.0215
B23: July | C23: 0.3333 | D23: 0.1759 | E23: 0.1041 | F23: 0.3062 | G23: 0.0582 | H23: 0.022
B24: August | C24: 0.3272 | D24: 0.1784 | E24: 0.099 | F24: 0.3053 | G24: 0.066 | H24: 0.0238
B25: September | C25: 0.3331 | D25: 0.1739 | E25: 0.1035 | F25: 0.302 | G25: 0.0649 | H25: 0.023
B26: October | C26: 0.3518 | D26: 0.1639 | E26: 0.0959 | F26: 0.3001 | G26: 0.0649 | H26: 0.0234
B27: November | C27: 0.3497 | D27: 0.1651 | E27: 0.0971 | F27: 0.2964 | G27: 0.0679 | H27: 0.0238
B28: December | C28: 0.3588 | D28: 0.1701 | E28: 0.1408 | F28: 0.2516 | G28: 0.0578 | H28: 0.0209
A29: 2013: | B29: January | C29: 0.365 | D29: 0.1686 | E29: 0.0893 | F29: 0.2968 | G29: 0.0617 | H29: 0.01842
B30: February | C30: 0.36868489 | D30: 0.16327626 | E30: 0.084976228 | F30: 0.28072112 | G30: 0.067730078 | H30: 0.034611422
B31: March | C31: 0.38013154 | D31: 0.14221125 | E31: 0.088187465 | F31: 0.2906114 | G31: 0.066615748 | H31: 0.032242601
B32: April | C32: 0.38693613 | D32: 0.14913184 | E32: 0.081306312 | F32: 0.28565773 | G32: 0.065704441 | H32: 0.031263557
B33: May | C33: 0.38200297 | D33: 0.14654284 | E33: 0.08046472 | F33: 0.28414198 | G33: 0.074095477 | H33: 0.032752014
B34: June | C34: 0.36698699 | D34: 0.14580192 | E34: 0.09001753 | F34: 0.28612063 | G34: 0.079905023 | H34: 0.031167899
B35: July | C35: 0.37139827 | D35: 0.14864921 | E35: 0.084694808 | F35: 0.28993934 | G35: 0.07348656 | H35: 0.031831813
B36: August | C36: 0.37251525 | D36: 0.14243383 | E36: 0.085089289 | F36: 0.29090586 | G36: 0.077910444 | H36: 0.031145327
B37: September | C37: 0.374 | D37: 0.139 | E37: 0.089 | F37: 0.289 | G37: 0.078 | H37: 0.031
B38: October | C38: 0.377 | D38: 0.1368 | E38: 0.0869 | F38: 0.2894 | G38: 0.0781 | H38: 0.0311
B39: December | C39: 0.36391866 | D39: 0.14580696 | E39: 0.08570016 | F39: 0.29221132 | G39: 0.081599951 | H39: 0.030762944
A40: 2014: | B40: January | C40: 0.357 | D40: 0.143 | E40: 0.085 | F40: 0.3 | G40: 0.085 | H40: 0.03
B41: February | C41: 0.35737326 | D41: 0.13353865 | E41: 0.092935115 | F41: 0.32162145 | G41: 0.080932631 | H41: 0.013598894
B42: March | C42: 0.36129363 | D42: 0.13317135 | E42: 0.094053607 | F42: 0.31925818 | G42: 0.080953286 | H42: 0.011269954
B43: April | C43: 0.37038374 | D43: 0.13837246 | E43: 0.09088647 | F43: 0.31701274 | G43: 0.071234208 | H43: 0.012110387
B44: May | C44: 0.37377867 | D44: 0.14150009 | E44: 0.090604982 | F44: 0.3151478 | G44: 0.067158455 | H44: 0.010805566
B45: June | C45: 0.38003439 | D45: 0.13895842 | E45: 0.091424646 | F45: 0.3146517 | G45: 0.063863645 | H45: 0.011067189
B46: July | C46: 0.388 | D46: 0.1361 | E46: 0.0859 | F46: 0.3116 | G46: 0.0709 | H46: 0.0116
B47: August | C47: 0.3708 | D47: 0.1365 | E47: 0.0885 | F47: 0.3104 | G47: 0.0775 | H47: 0.0162
B48: September | C48: 0.374 | D48: 0.1352 | E48: 0.0838 | F48: 0.3188 | G48: 0.0762 | H48: 0.0121
B49: October | C49: 0.3709 | D49: 0.1386 | E49: 0.0838 | F49: 0.3178 | G49: 0.077 | H49: 0.0119
B50: November | C50: 0.3717116 | D50: 0.1456 | E50: 0.0829 | F50: 0.3126 | G50: 0.0799 | H50: 0.0073
B51: December | C51: 0.3600817 | D51: 0.1463 | E51: 0.082595935 | F51: 0.3171 | G51: 0.086638928 | H51: 0.0073
A52: 2015: | B52: January | C52: 0.3632 | D52: 0.1453 | E52: 0.0816 | F52: 0.3171 | G52: 0.0858 | H52: 0.007
B53: February | C53: 0.35460246 | D53: 0.1486 | E53: 0.0815 | F53: 0.3173 | G53: 0.0898 | H53: 0.0083
B54: March | C54: 0.3503205 | D54: 0.1499 | E54: 0.0811 | F54: 0.3174 | G54: 0.0922 | H54: 0.009
B55: April | C55: 0.3523 | D55: 0.1545 | E55: 0.0789 | F55: 0.3162 | G55: 0.0905 | H55: 0.0076
B56: May | C56: 0.3502 | D56: 0.1563 | E56: 0.0782 | F56: 0.3165 | G56: 0.0913 | H56: 0.0074
B57: June | C57: 0.3434 | D57: 0.1632 | E57: 0.0835 | F57: 0.3156 | G57: 0.087 | H57: 0.0072
B58: July | C58: 0.3525 | D58: 0.1643 | E58: 0.087 | F58: 0.3069 | G58: 0.0809 | H58: 0.0084
B59: August | C59: 0.3435931 | D59: 0.17252558 | E59: 0.08472046 | F59: 0.30760195 | G59: 0.084563729 | H59: 0.0069951711
B60: September | C60: 0.3369 | D60: 0.1602 | E60: 0.0871 | F60: 0.3122 | G60: 0.0916 | H60: 0.0122
B61: October | C61: 0.33696408 | D61: 0.16692427 | E61: 0.086015541 | F61: 0.31085555 | G61: 0.091111996 | H61: 0.0081285585
B62: November | C62: 0.3334 | D62: 0.171 | E62: 0.0852 | F62: 0.3082 | G62: 0.0958 | H62: 0.0061
B63: December | C63: 0.32405052 | D63: 0.17569927 | E63: 0.083017151 | F63: 0.30637981 | G63: 0.10256949 | H63: 0.0082837644
A64: 2016: | B64: January | C64: 0.32343858 | D64: 0.17257068 | E64: 0.084494044 | F64: 0.30749743 | G64: 0.10478623 | H64: 0.007213036
B65: February | C65: 0.33571313 | D65: 0.1695504 | E65: 0.085850503 | F65: 0.30280755 | G65: 0.098953102 | H65: 0.0071253153
B66: March | C66: 0.34106362 | D66: 0.16724348 | E66: 0.084651089 | F66: 0.29956729 | G66: 0.099969595 | H66: 0.0076809383
B67: April | C67: 0.35325632 | D67: 0.16637058 | E67: 0.083998234 | F67: 0.29880968 | G67: 0.091100099 | H67: 0.0064650825
B68: May | C68: 0.34554916 | D68: 0.17078012 | E68: 0.082560289 | F68: 0.29689563 | G68: 0.096109367 | H68: 0.0081054279
B69: June | C69: 0.353 | D69: 0.17078012 | E69: 0.081 | F69: 0.293 | G69: 0.095 | H69: 0.007
B70: July | C70: 0.36507764 | D70: 0.1680073 | E70: 0.080491384 | F70: 0.28958755 | G70: 0.089337581 | H70: 0.0074985424
B71: August | C71: 0.36634481 | D71: 0.17198669 | E71: 0.078933596 | F71: 0.2847846 | G71: 0.090358341 | H71: 0.0075919573
B72: September | C72: 0.38178821 | D72: 0.15902129 | E72: 0.070843558 | F72: 0.28582272 | G72: 0.096087057 | H72: 0.0064371618
B73: October | C73: 0.37078925 | D73: 0.17030324 | E73: 0.069734735 | F73: 0.28501895 | G73: 0.096480581 | H73: 0.0076732495
B74: November | C74: 0.36318842 | D74: 0.17739053 | E74: 0.069880125 | F74: 0.28213937 | G74: 0.10105321 | H74: 0.006348349
B75: December | C75: 0.36043106 | D75: 0.1779959 | E75: 0.071646047 | F75: 0.2825887 | G75: 0.10272805 | H75: 0.0046102451
A76: 2017: | B76: January | C76: 0.35947243 | D76: 0.17534808 | E76: 0.074102365 | F76: 0.2810355 | G76: 0.10474006 | H76: 0.0053015665
B77: February | C77: 0.3711 | D77: 0.1698 | E77: 0.0758 | F77: 0.2736 | G77: 0.1045 | H77: 0.0052
B78: March | C78: 0.3833 | D78: 0.1716 | E78: 0.0715 | F78: 0.2719 | G78: 0.0974 | H78: 0.0043
B79: April | C79: 0.3939 | D79: 0.16819153 | E79: 0.069481501 | F79: 0.27217477 | G79: 0.090891922 | H79: 0.0053403944
B80: May | C80: 0.4013 | D80: 0.16881915 | E80: 0.0657 | F80: 0.26842175 | G80: 0.091 | H80: 0.0048403944
B81: June | C81: 0.40475785 | D81: 0.1714257 | E81: 0.06417187 | F81: 0.26700626 | G81: 0.089132921 | H81: 0.0035054072
B82: July | C82: 0.40155241 | D82: 0.17272691 | E82: 0.062809373 | F82: 0.26554824 | G82: 0.093068393 | H82: 0.0042946716
B83: August | C83: 0.40033531 | D83: 0.1746926 | E83: 0.064437634 | F83: 0.26325177 | G83: 0.09286455 | H83: 0.0044181304
B84: September | C84: 0.4105 | D84: 0.1634 | E84: 0.0618 | F84: 0.2664 | G84: 0.0934 | H84: 0.0012
B85: October | C85: 0.41698337 | D85: 0.16150083 | E85: 0.061626512 | F85: 0.26494518 | G85: 0.090192325 | H85: 0.0047517801
B86: November | C86: 0.41378582 | D86: 0.15842321 | E86: 0.057819346 | F86: 0.26810231 | G86: 0.096678352 | H86: 0.0051909614
B87: December | C87: 0.4141 | D87: 0.1502 | E87: 0.0666 | F87: 0.2662 | G87: 0.0989 | H87: 0.004
A88: 2018 | B88: January | C88: 0.411 | D88: 0.1522 | E88: 0.0673 | F88: 0.2637 | G88: 0.097 | H88: 0.005
B89: February | C89: 0.411 | D89: 0.1574 | E89: 0.0668 | F89: 0.259 | G89: 0.1002 | H89: 0.0056
B90: March | C90: 0.4276 | D90: 0.1436 | E90: 0.0651 | F90: 0.256 | G90: 0.1029 | H90: 0.0048
B91: April | C91: 0.427 | D91: 0.153 | E91: 0.064 | F91: 0.256 | G91: 0.095 | H91: 0.005
B92: May | C92: 0.4142 | D92: 0.1577 | E92: 0.0627 | F92: 0.261 | G92: 0.0996 | H92: 0.0047
B93: June | C93: 0.4018 | D93: 0.1577 | E93: 0.0635 | F93: 0.2617 | G93: 0.1108 | H93: 0.0045
B94: July | C94: 0.4007 | D94: 0.1615 | E94: 0.0653 | F94: 0.2583 | G94: 0.1098 | H94: 0.0046
B95: August | C95: 0.397 | D95: 0.159 | E95: 0.065 | F95: 0.258 | G95: 0.116 | H95: 0.005
B96: September | C96: 0.394 | D96: 0.159 | E96: 0.065 | F96: 0.26 | G96: 0.118 | H96: 0.004
B97: October | C97: 0.381 | D97: 0.159 | E97: 0.066 | F97: 0.259 | G97: 0.131 | H97: 0.004
B98: November | C98: 0.383 | D98: 0.16 | E98: 0.063 | F98: 0.256 | G98: 0.134 | H98: 0.004
B99: December | C99: 0.377 | D99: 0.161 | E99: 0.064 | F99: 0.258 | G99: 0.136 | H99: 0.004
A100: 2019 | B100: January | C100: 0.384 | D100: 0.163 | E100: 0.065 | F100: 0.257 | G100: 0.127 | H100: 0.004
...

Sheet Fixed rate bond (Values)
A1: 29 December 2023
B2: Sector code | C2: R186 (2026) | D2: R2030 (2030) | E2: R213 (2031) | F2: R2032 (2032) | G2: R2035 (2035) | H2: R209 (2036) | I2: R2037 (2037) | J2: R2040 (2040) | K2: R214 (2041) | L2: R2044 (2044) | M2: R2048 (2048) | N2: R2053 (2053) | O2: Total
B3: Foreign sector | C3: 1.3354722e+11 | D3: 91791253924 | E3: 61763034014 | F3: 79639729343 | G3: 101078056991 | H3: 32433218635 | I3: 85853164274 | J3: 67959096576 | K3: 46277899412 | L3: 71672658171 | M3: 88411302551 | N3: 7035577118 | O3: =SUM(C3:N3) -> 8.6746221e+11
B4: Monetary institutions | C4: 1.062315e+11 | D4: 9.2542437e+10 | E4: 46024406026 | F4: 6.4646078e+10 | G4: 2.6014263e+10 | H4: 12517119053 | I4: 2.6382729e+10 | J4: 30638281129 | K4: 15745946008 | L4: 2.5329482e+10 | M4: 1.2369253e+11 | N4: 5041949702 | O4: =SUM(C4:N4) -> 5.7480672e+11
B5: Long-term insurers | C5: 1.7439233e+10 | D5: 12304650837 | E5: 8000047789 | F5: 14816005320 | G5: 20717928611 | H5: 7072608899 | I5: 20493461121 | J5: 21518583852 | K5: 5679062000 | L5: 20390862062 | M5: 24114233549 | N5: 7487720502 | O5: =SUM(C5:N5) -> 1.800344e+11
B6: Short-term insurers | C6: 2419663148 | D6: 3866921466 | E6: 1341839834 | F6: 3346738450 | G6: 3179066671 | H6: 646710955 | I6: 3257414839 | J6: 1806502700 | K6: 665563315 | L6: 1585497196 | M6: 3746326362 | N6: 22485000 | O6: =SUM(C6:N6) -> 25884729936
B7: Private self-administered funds | C7: 2.7430096e+09 | D7: 6090762856 | E7: 3675470381 | F7: 11032139395 | G7: 11297753518 | H7: 4485043865 | I7: 8772914677 | J7: 7653320022 | K7: 1604007177 | L7: 8308493289 | M7: 8858935977 | N7: 658370665 | O7: =SUM(C7:N7) -> 7.5180221e+10
B8: Official pension funds | C8: 2.977808e+10 | D8: 49879237599 | E8: 18805703290 | F8: 44241731276 | G8: 39532931318 | H8: 15302331794 | I8: 55365274443 | J8: 37611846855 | K8: 8296556783 | L8: 49162398005 | M8: 63632124632 | N8: 492908289 | O8: =SUM(C8:N8) -> 4.1210112e+11
B9: Other financial institutions | C9: 6.3365213e+10 | D9: 8.6608666e+10 | E9: 44741190829 | F9: 85831889866 | G9: 8.9656871e+10 | H9: 27293895818 | I9: 74044256427 | J9: 55655429488 | K9: 13594962208 | L9: 70313923470 | M9: 7.5812988e+10 | N9: 12425578508 | O9: =SUM(C9:N9) -> 6.9934486e+11
B10: Other sector | C10: 1.6657651e+10 | D10: 13833086762 | E10: 2293969081 | F10: 6.598023e+09 | G10: 7220068315 | H10: 4507623126 | I10: 4.5931339e+09 | J10: 6059805029 | K10: 1517859593 | L10: 2.2163171e+09 | M10: 1839829706 | N10: 272666077 | O10: =SUM(C10:N10) -> 6.7610032e+10
B11: CSDP reporting error | C11: 468187481 | D11: 136643033 | E11: 251500000 | F11: 10570000 | G11: 353932440 | H11: 4000000 | I11: 1618300 | J11: 14482150 | K11: 0 | L11: 6880000 | M11: 272400000 | N11: 0 | O11: =SUM(C11:N11) -> 1520213404
C12: =SUM(C3:C11) -> 3.7264976e+11 | D12: =SUM(D3:D11) -> 357053660031 | E12: =SUM(E3:E11) -> 186897161244 | F12: =SUM(F3:F11) -> 310162904372 | G12: =SUM(G3:G11) -> 299050871436 | H12: =SUM(H3:H11) -> 104262552145 | I12: =SUM(I3:I11) -> 278763967029 | J12: =SUM(J3:J11) -> 228917347801 | ... O12: =SUM(O3:O11) -> 2.9039445e+12

Sheet Fixed rate bond % (Values)
A1: ='Fixed rate bond (Values)'!A1 -> 29 December 2023
B2: Sector code | C2: R186 (2026) | D2: R2030 (2030) | E2: R213 (2031) | F2: R2032 (2032) | G2: R2035 (2035) | H2: R209 (2036) | I2: R2037 (2037) | J2: R2040 (2040) | K2: R214 (2041) | L2: R2044 (2044) | M2: R2048 (2048) | N2: R2053 (2053) | O2: TOTAL
B3: Foreign sector | C3: 0.35837194 | D3: 0.25707972 | E3: 0.33046534 | F3: 0.25676742 | G3: 0.3379962 | H3: 0.31107256 | I3: 0.30797798 | J3: 0.29687176 | K3: 0.49557699 | L3: 0.28785759 | M3: 0.22647459 | N3: 0.21041132 | O3: 0.29871859
B4: Monetary institutions | C4: 0.28507063 | D4: 0.25918356 | E4: 0.24625524 | F4: 0.20842621 | G4: 0.086989423 | H4: 0.12005383 | I4: 0.094641819 | J4: 0.13383993 | K4: 0.1686189 | L4: 0.10173034 | M4: 0.31685106 | N4: 0.15078838 | O4: 0.19793998
B5: Long-term insurers | C5: 0.046797919 | D5: 0.034461629 | E5: 0.042804544 | F5: 0.047768463 | G5: 0.069278944 | H5: 0.067834604 | I5: 0.073515459 | J5: 0.094001543 | K5: 0.060815475 | L5: 0.081895449 | M5: 0.061771075 | N5: 0.22393346 | O5: 0.061996501
B6: Short-term insurers | C6: 0.0064931296 | D6: 0.010830085 | E6: 0.0071795624 | F6: 0.01079026 | G6: 0.010630521 | H6: 0.0062027156 | I6: 0.011685208 | J6: 0.0078915063 | K6: 0.0071273301 | L6: 0.0063678036 | M6: 0.009596598 | N6: 0.00067245351 | O6: 0.0089136448
B7: Private self-administered funds | C7: 0.0073608249 | D7: 0.017058396 | E7: 0.019665737 | F7: 0.035568855 | G7: 0.037778701 | H7: 0.043016824 | I7: 0.031470763 | J7: 0.033432678 | K7: 0.017176861 | L7: 0.033369251 | M7: 0.02269307 | N7: 0.019689734 | O7: 0.025889001
B8: Official pension funds | C8: 0.07990903 | D8: 0.13969675 | E8: 0.10062059 | F8: 0.1426403 | G8: 0.13219467 | H8: 0.14676729 | I8: 0.19860987 | J8: 0.16430317 | K8: 0.08884549 | L8: 0.19745005 | M8: 0.16300019 | N8: 0.01474129 | O8: 0.14191081
B9: Other financial institutions | C9: 0.17003959 | D9: 0.24256485 | E9: 0.23938935 | F9: 0.27673164 | G9: 0.29980475 | H9: 0.26178043 | I9: 0.26561631 | J9: 0.24312456 | K9: 0.14558462 | L9: 0.28240053 | M9: 0.19420272 | N9: 0.3716088 | O9: 0.24082584
B10: Other sector | C10: 0.044700554 | D10: 0.038742319 | E10: 0.012273964 | F10: 0.021272767 | G10: 0.024143278 | H10: 0.043233386 | I10: 0.016476785 | J10: 0.026471585 | K10: 0.016254331 | L10: 0.0089013541 | M10: 0.0047129119 | N10: 0.008154559 | O10: 0.023282136
B11: CSDP reporting error | C11: 0.001256374 | D11: 0.00038269607 | E11: 0.0013456598 | F11: 3.4078866e-05 | G11: 0.0011835192 | H11: 3.8364685e-05 | I11: 5.8052697e-06 | J11: 6.3263663e-05 | K11: 0 | L11: 2.7632019e-05 | M11: 0.00069778045 | N11: 0 | O11: 0.00052349947
C12: 1 | D12: 1 | E12: 1 | F12: 1 | G12: 1 | H12: 1 | I12: 1 | J12: 1 | K12: 1 | L12: 1 | M12: 1 | N12: 1 | O12: 1

Sheet ILB (Values)
A1: ='Fixed rate bond (Values)'!A1 -> 29 December 2023
B2: Sector code | C2: I2025 (2025) | D2: R210 (2028) | E2: I2029 (2029) | F2: I2031 (2031) | G2: I2033 (2033) | H2: R202 (2033) | I2: I2038 (2038) | J2: I2043 (2043) | K2: I2046 (2046) | L2: I2050 (2050) | M2: I2058 (2058) | N2: Amount
B3: Foreign sector | C3: 973172362 | D3: 78589432 | E3: 5287902366 | F3: 130800000 | G3: 14439499078 | H3: 226829735 | I3: 3127843812 | J3: 0 | K3: 4912648101 | L3: 1650124499 | M3: 0 | N3: =SUM(C3:M3) -> 30827409385
B4: Monetary institutions | C4: 11440781559 | D4: 2147314580 | E4: 3107475322 | F4: 401038813 | G4: 971172263 | H4: 5.4264274e+09 | I4: 7569347254 | J4: 0 | K4: 1.3438547e+10 | L4: 1.5660111e+10 | M4: 91000000 | N4: =SUM(C4:M4) -> 6.0253215e+10
B5: Long-term insurers | C5: 4.9048642e+09 | D5: 2259780469 | E5: 2891123727 | F5: 84200000 | G5: 3079580772 | H5: 1671375854 | I5: 5820784707 | J5: 0 | K5: 7651147214 | L5: 7274560353 | M5: 0 | N5: =SUM(C5:M5) -> 3.5637417e+10
B6: Short-term insurers | C6: 1.9688269e+09 | D6: 304121799 | E6: 1287877301 | F6: 8000000 | G6: 1253025803 | H6: 525603508 | I6: 1.2746765e+09 | J6: 0 | K6: 1238483946 | L6: 2.2101785e+09 | M6: 0 | N6: =SUM(C6:M6) -> 1.0070794e+10
B7: Private self-administered funds | C7: 4508679500 | D7: 2.2381215e+09 | E7: 4368674501 | F7: 27300000 | G7: 7241135612 | H7: 2.9824168e+09 | I7: 9718655857 | J7: 0 | K7: 11972423026 | L7: 1.4335812e+10 | M7: 119400000 | N7: =SUM(C7:M7) -> 5.7512619e+10
B8: Official pension funds | C8: 24764659765 | D8: 19715615590 | E8: 19264222477 | F8: 430000000 | G8: 35240282128 | H8: 23454099576 | I8: 46482710838 | J8: 4286000000 | K8: 42219324626 | L8: 49720428022 | M8: 160000000 | N8: =SUM(C8:M8) -> 265737343022
B9: Other financial institutions | C9: 18391218141 | D9: 4.2339664e+09 | E9: 16685340621 | F9: 579609286 | G9: 13181691863 | H9: 3.0892375e+09 | I9: 6.2796571e+09 | J9: 49720334 | K9: 1.1163436e+10 | L9: 1.2210855e+10 | M9: 276526831 | N9: =SUM(C9:M9) -> 8.6141259e+10
B10: Other sector | C10: 957797576 | D10: 6.7000781e+08 | E10: 259806406 | F10: 24051901 | G10: 1338273794 | H10: 565194678 | I10: 1736323883 | J10: 0 | K10: 2073990122 | L10: 2367931558 | M10: 0 | N10: =SUM(C10:M10) -> 9.9933777e+09
B11: CSDP reporting error | C11: 0 | D11: 300000 | E11: 0 | F11: 0 | G11: 0 | H11: 0 | I11: 0 | J11: 0 | K11: 0 | L11: 0 | M11: 0 | N11: =SUM(C11:M11) -> 300000
C12: =SUM(C3:C11) -> 67910000000 | D12: =SUM(D3:D11) -> 31647817562 | E12: =SUM(E3:E11) -> 53152422721 | F12: =SUM(F3:F11) -> 1685000000 | G12: =SUM(G3:G11) -> 76744661313 | H12: =SUM(H3:H11) -> 37941184999 | I12: =SUM(I3:I11) -> 82010000000 | J12: =SUM(J3:J11) -> 4335720334 | ... N12: =SUM(N3:N11) -> 556173733760

Sheet ILB % (Values)
A1: ='Fixed rate bond (Values)'!A1 -> 29 December 2023
C2: I2025 (2025) | D2: R210 (2028) | E2: I2029 (2029) | F2: I2031 (2031) | G2: I2033 (2033) | H2: R202 (2033) | I2: I2038 (2038) | J2: I2043 (2043) | K2: I2046 (2046) | L2: I2050 (2050) | M2: I2058 (2058) | N2: TOTAL
B3: Foreign sector | C3: 0.014330325 | D3: 0.0024832497 | E3: 0.099485632 | F3: 0.077626113 | G3: 0.18814988 | H3: 0.0059784568 | I3: 0.038139786 | J3: 0 | K3: 0.051892343 | L3: 0.015651375 | M3: 0 | N3: 0.055427661
B4: Monetary institutions | C4: 0.16846976 | D4: 0.067850321 | E4: 0.058463475 | F4: 0.23800523 | G4: 0.012654591 | H4: 0.14302208 | I4: 0.092297857 | J4: 0 | K4: 0.14195148 | L4: 0.14853562 | M4: 0.14066506 | N4: 0.10833524
B5: Long-term insurers | C5: 0.072225949 | D5: 0.071403991 | E5: 0.054393075 | F5: 0.049970326 | G5: 0.040127622 | H5: 0.044051757 | I5: 0.070976524 | J5: 0 | K5: 0.080819132 | L5: 0.06899896 | M5: 0 | N5: 0.064076052
B6: Short-term insurers | C6: 0.028991708 | D6: 0.0096095662 | E6: 0.024229889 | F6: 0.0047477745 | G6: 0.016327205 | H6: 0.013853113 | I6: 0.01554294 | J6: 0 | K6: 0.013082116 | L6: 0.020963469 | M6: 0 | N6: 0.018107281
B7: Private self-administered funds | C7: 0.066391982 | D7: 0.070719615 | E7: 0.082191446 | F7: 0.01620178 | G7: 0.094353607 | H7: 0.078606316 | I7: 0.11850574 | J7: 0 | K7: 0.1264648 | L7: 0.13597469 | M7: 0.18456492 | N7: 0.10340765
B8: Official pension funds | C8: 0.36466882 | D8: 0.6229692 | E8: 0.36243357 | F8: 0.25519288 | G8: 0.45918871 | H8: 0.61816993 | I8: 0.56679321 | J8: 0.98853239 | K8: 0.44596308 | L8: 0.47159659 | M8: 0.24732318 | N8: 0.47779556
B9: Other financial institutions | C9: 0.27081753 | D9: 0.13378383 | E9: 0.31391496 | F9: 0.34398177 | G9: 0.17176038 | H9: 0.081421745 | I9: 0.076571846 | J9: 0.011467606 | K9: 0.11791947 | L9: 0.11581955 | M9: 0.42744684 | N9: 0.15488193
B10: Other sector | C10: 0.014103925 | D10: 0.021170743 | E10: 0.0048879504 | F10: 0.014274125 | G10: 0.017438005 | H10: 0.014896601 | I10: 0.0211721 | J10: 0 | K10: 0.021907575 | L10: 0.022459751 | M10: 0 | N10: 0.017968086
B11: CSDP reporting error | C11: 0 | D11: 9.4793266e-06 | E11: 0 | F11: 0 | G11: 0 | H11: 0 | I11: 0 | J11: 0 | K11: 0 | L11: 0 | M11: 0 | N11: 5.393998e-07
C12: 1 | D12: 1 | E12: 1 | F12: 1 | G12: 1 | H12: 1 | I12: 1 | J12: 1 | K12: 1 | L12: 1 | M12: 1 | N12: 1

Sheet FRN (Values)
A1: ='Fixed rate bond (Values)'!A1 -> 29 December 2023
B2: Sector code | C2: RN2027 (2027) | D2: RN2030 (2030) | E2: Total
B3: Foreign sector | C3: 444814011 | D3: 92800000 | E3: =SUM(C3:D3) -> 537614011
B4: Monetary institutions | C4: 54794000000 | D4: 18554430000 | E4: =SUM(C4:D4) -> 73348430000
B5: Long-term insurers | C5: 945550000 | D5: 1214100000 | E5: =SUM(C5:D5) -> 2159650000
B6: Short-term insurers | C6: 1277700000 | D6: 69980000 | E6: =SUM(C6:D6) -> 1347680000
B7: Private self-administered funds | C7: 57020000 | D7: 63114909 | E7: =SUM(C7:D7) -> 120134909
B8: Official pension funds | C8: 1630000 | D8: 32645694 | E8: =SUM(C8:D8) -> 34275694
B9: Other financial institutions | C9: 10296387386 | D9: 9859346995 | E9: =SUM(C9:D9) -> 20155734381
B10: Other sector | C10: 177898603 | D10: 68582402 | E10: =SUM(C10:D10) -> 246481005
B11: CSDP reporting error | C11: 0 | D11: 0 | E11: =SUM(C11:D11) -> 0
C12: =SUM(C3:C11) -> 67995000000 | D12: =SUM(D3:D11) -> 29955000000 | E12: =SUM(E3:E11) -> 97950000000

Sheet FRN % (Values)
A1: ='Fixed rate bond (Values)'!A1 -> 29 December 2023
B3: Sector code | C3: RN2027 (2027) | D3: RN2030 (2030) | E3: TOTAL
B4: Foreign sector | C4: 0.0065418635 | D4: 0.0030979803 | E4: 0.0054886576
B5: Monetary institutions | C5: 0.80585337 | D5: 0.61941012 | E5: 0.74883543
B6: Long-term insurers | C6: 0.01390617 | D6: 0.040530796 | E6: 0.022048494
B7: Short-term insurers | C7: 0.018791088 | D7: 0.0023361709 | E7: 0.013758857
B8: Private self-administered funds | C8: 0.00083859107 | D8: 0.0021069908 | E8: 0.0012264922
B9: Official pension funds | C9: 2.3972351e-05 | D9: 0.0010898245 | E9: 0.00034993052
B10: Other financial institutions | C10: 0.1514286 | D10: 0.32913861 | E10: 0.20577575
B11: Other sector | C11: 0.0026163483 | D11: 0.0022895143 | E11: 0.0025163962
B12: CSDP reporting error | C12: 0 | D12: 0 | E12: 0
C13: 1 | D13: 1 | E13: 1
